label,model_pathology,n,pos,neg,prevalence,auroc,auprc_ap,brier,ece_10bin
Cardiomegaly,Cardiomegaly,18424,1437,16987,0.07799609205384281,0.7761887913058407,0.17052817407918128,0.0868651872634138,0.08100813289816465
Edema,Edema,18424,9,18415,0.0004884932696482848,0.490656771351857,0.0005311294901161534,0.0637987939410437,0.14465855496002406
Consolidation,Consolidation,18424,1033,17391,0.056068171949630916,0.5357888934885984,0.063284822270426,0.18100955179125813,0.30952632456871976
Pneumonia,Pneumonia,18424,240,18184,0.013026487190620929,0.6404578429755097,0.02130735561289533,0.1010664035043213,0.21897089646049342
Atelectasis,Atelectasis,18424,1217,17207,0.06605514546244029,0.6869834127145995,0.11178499234547551,0.12424901185282275,0.1674407141755121
Pneumothorax,Pneumothorax,18424,32,18392,0.0017368649587494573,0.7089707821335363,0.004426605735542472,0.13906237164914234,0.3054187423899888
Pleural Effusion,Effusion,18424,501,17923,0.02719279201042119,0.7278577365160324,0.08078276546933538,0.08383520139504133,0.14240996045969884
