{
  "per_label": {
    "Atelectasis": {
      "auprc_ap": 0.46752050614821905,
      "auroc": 0.7817398927392738,
      "brier": 0.13840675255725907,
      "ece_10bin": 0.08033804721035995,
      "model_pathology": "Atelectasis",
      "n": 1000,
      "neg": 808,
      "pos": 192,
      "prevalence": 0.192,
      "thr_0_5": {
        "accuracy": 0.812,
        "balanced_accuracy": 0.5143873762376238,
        "f1": 0.06,
        "fn": 186,
        "fp": 2,
        "mcc": 0.12722341870633225,
        "precision": 0.75,
        "recall_sensitivity": 0.03125,
        "specificity": 0.9975247524752475,
        "threshold": 0.5,
        "tn": 806,
        "tp": 6
      }
    },
    "Cardiomegaly": {
      "auprc_ap": 0.539023679997768,
      "auroc": 0.8988675500554549,
      "brier": 0.057954017021557475,
      "ece_10bin": 0.0534289613587971,
      "model_pathology": "Cardiomegaly",
      "n": 1000,
      "neg": 926,
      "pos": 74,
      "prevalence": 0.074,
      "thr_0_5": {
        "accuracy": 0.929,
        "balanced_accuracy": 0.5264870702235713,
        "f1": 0.10126582278481013,
        "fn": 70,
        "fp": 1,
        "mcc": 0.19660236114212573,
        "precision": 0.8,
        "recall_sensitivity": 0.05405405405405406,
        "specificity": 0.9989200863930886,
        "threshold": 0.5,
        "tn": 925,
        "tp": 4
      }
    },
    "Consolidation": {
      "auprc_ap": 0.2302958869788671,
      "auroc": 0.7231216837081768,
      "brier": 0.0926183556368953,
      "ece_10bin": 0.05111816141946475,
      "model_pathology": "Consolidation",
      "n": 1000,
      "neg": 893,
      "pos": 107,
      "prevalence": 0.107,
      "thr_0_5": {
        "accuracy": 0.893,
        "balanced_accuracy": 0.5,
        "f1": 0.0,
        "fn": 107,
        "fp": 0,
        "mcc": null,
        "precision": 0.0,
        "recall_sensitivity": 0.0,
        "specificity": 1.0,
        "threshold": 0.5,
        "tn": 893,
        "tp": 0
      }
    },
    "Edema": {
      "auprc_ap": 0.4519101468269871,
      "auroc": 0.8994198768510508,
      "brier": 0.06760111168520148,
      "ece_10bin": 0.052332308600273325,
      "model_pathology": "Edema",
      "n": 1000,
      "neg": 914,
      "pos": 86,
      "prevalence": 0.086,
      "thr_0_5": {
        "accuracy": 0.916,
        "balanced_accuracy": 0.5116279069767442,
        "f1": 0.04545454545454545,
        "fn": 84,
        "fp": 0,
        "mcc": 0.14593975049669794,
        "precision": 1.0,
        "recall_sensitivity": 0.023255813953488372,
        "specificity": 1.0,
        "threshold": 0.5,
        "tn": 914,
        "tp": 2
      }
    },
    "Effusion": {
      "auprc_ap": 0.642387737988073,
      "auroc": 0.8288074041329296,
      "brier": 0.13705743164976594,
      "ece_10bin": 0.08133328252262433,
      "model_pathology": "Effusion",
      "n": 1000,
      "neg": 767,
      "pos": 233,
      "prevalence": 0.233,
      "thr_0_5": {
        "accuracy": 0.811,
        "balanced_accuracy": 0.612348988030955,
        "f1": 0.372093023255814,
        "fn": 177,
        "fp": 12,
        "mcc": 0.377322228313071,
        "precision": 0.8235294117647058,
        "recall_sensitivity": 0.24034334763948498,
        "specificity": 0.984354628422425,
        "threshold": 0.5,
        "tn": 755,
        "tp": 56
      }
    },
    "Emphysema": {
      "auprc_ap": 0.5888926236985972,
      "auroc": 0.8930418821958953,
      "brier": 0.050415358600853354,
      "ece_10bin": 0.03617926810400604,
      "model_pathology": "Emphysema",
      "n": 1000,
      "neg": 922,
      "pos": 78,
      "prevalence": 0.078,
      "thr_0_5": {
        "accuracy": 0.941,
        "balanced_accuracy": 0.6452667000389343,
        "f1": 0.4380952380952381,
        "fn": 55,
        "fp": 4,
        "mcc": 0.48069601994613936,
        "precision": 0.8518518518518519,
        "recall_sensitivity": 0.2948717948717949,
        "specificity": 0.9956616052060737,
        "threshold": 0.5,
        "tn": 918,
        "tp": 23
      }
    },
    "Enlarged Cardiomediastinum": {
      "auprc_ap": null,
      "auroc": null,
      "brier": null,
      "ece_10bin": null,
      "model_pathology": "Enlarged Cardiomediastinum",
      "n": 0,
      "neg": 0,
      "pos": 0,
      "prevalence": 0.0,
      "thr_0_5": {
        "accuracy": 0.0,
        "balanced_accuracy": 0.0,
        "f1": 0.0,
        "fn": 0,
        "fp": 0,
        "mcc": null,
        "precision": 0.0,
        "recall_sensitivity": 0.0,
        "specificity": 0.0,
        "threshold": 0.5,
        "tn": 0,
        "tp": 0
      }
    },
    "Fibrosis": {
      "auprc_ap": 0.34339842958078953,
      "auroc": 0.7736528822055139,
      "brier": 0.06575893078245351,
      "ece_10bin": 0.05150353793131217,
      "model_pathology": "Fibrosis",
      "n": 1000,
      "neg": 924,
      "pos": 76,
      "prevalence": 0.076,
      "thr_0_5": {
        "accuracy": 0.924,
        "balanced_accuracy": 0.5,
        "f1": 0.0,
        "fn": 76,
        "fp": 0,
        "mcc": null,
        "precision": 0.0,
        "recall_sensitivity": 0.0,
        "specificity": 1.0,
        "threshold": 0.5,
        "tn": 924,
        "tp": 0
      }
    },
    "Fracture": {
      "auprc_ap": null,
      "auroc": null,
      "brier": null,
      "ece_10bin": null,
      "model_pathology": "Fracture",
      "n": 0,
      "neg": 0,
      "pos": 0,
      "prevalence": 0.0,
      "thr_0_5": {
        "accuracy": 0.0,
        "balanced_accuracy": 0.0,
        "f1": 0.0,
        "fn": 0,
        "fp": 0,
        "mcc": null,
        "precision": 0.0,
        "recall_sensitivity": 0.0,
        "specificity": 0.0,
        "threshold": 0.5,
        "tn": 0,
        "tp": 0
      }
    },
    "Hernia": {
      "auprc_ap": 0.7675245320406017,
      "auroc": 0.9387034189911414,
      "brier": 0.044483134419387046,
      "ece_10bin": 0.04764990006955509,
      "model_pathology": "Hernia",
      "n": 1000,
      "neg": 942,
      "pos": 58,
      "prevalence": 0.058,
      "thr_0_5": {
        "accuracy": 0.948,
        "balanced_accuracy": 0.5517241379310345,
        "f1": 0.1875,
        "fn": 52,
        "fp": 0,
        "mcc": 0.3131078006550704,
        "precision": 1.0,
        "recall_sensitivity": 0.10344827586206896,
        "specificity": 1.0,
        "threshold": 0.5,
        "tn": 942,
        "tp": 6
      }
    },
    "Infiltration": {
      "auprc_ap": 0.43150946158347636,
      "auroc": 0.6778131661442006,
      "brier": 0.18907955142381405,
      "ece_10bin": 0.07419985545799136,
      "model_pathology": "Infiltration",
      "n": 1000,
      "neg": 725,
      "pos": 275,
      "prevalence": 0.275,
      "thr_0_5": {
        "accuracy": 0.729,
        "balanced_accuracy": 0.5219435736677116,
        "f1": 0.11147540983606559,
        "fn": 258,
        "fp": 13,
        "mcc": 0.11487518090730633,
        "precision": 0.5666666666666667,
        "recall_sensitivity": 0.06181818181818182,
        "specificity": 0.9820689655172414,
        "threshold": 0.5,
        "tn": 712,
        "tp": 17
      }
    },
    "Lung Lesion": {
      "auprc_ap": null,
      "auroc": null,
      "brier": null,
      "ece_10bin": null,
      "model_pathology": "Lung Lesion",
      "n": 0,
      "neg": 0,
      "pos": 0,
      "prevalence": 0.0,
      "thr_0_5": {
        "accuracy": 0.0,
        "balanced_accuracy": 0.0,
        "f1": 0.0,
        "fn": 0,
        "fp": 0,
        "mcc": null,
        "precision": 0.0,
        "recall_sensitivity": 0.0,
        "specificity": 0.0,
        "threshold": 0.5,
        "tn": 0,
        "tp": 0
      }
    },
    "Lung Opacity": {
      "auprc_ap": null,
      "auroc": null,
      "brier": null,
      "ece_10bin": null,
      "model_pathology": "Lung Opacity",
      "n": 0,
      "neg": 0,
      "pos": 0,
      "prevalence": 0.0,
      "thr_0_5": {
        "accuracy": 0.0,
        "balanced_accuracy": 0.0,
        "f1": 0.0,
        "fn": 0,
        "fp": 0,