{
  "per_label": {
    "Atelectasis": {
      "auprc_ap": 0.1200000794438108,
      "auroc": 0.7039613208952291,
      "brier": 0.062181254458411744,
      "ece_10bin": 0.030586718289131593,
      "model_pathology": "Atelectasis",
      "n": 18424,
      "neg": 17207,
      "pos": 1217,
      "prevalence": 0.06605514546244029,
      "thr_0_5": {
        "accuracy": 0.932370820668693,
        "balanced_accuracy": 0.5018298385089976,
        "f1": 0.011111111111111113,
        "fn": 1210,
        "fp": 36,
        "mcc": 0.018837437825879086,
        "precision": 0.16279069767441862,
        "recall_sensitivity": 0.005751848808545604,
        "specificity": 0.9979078282094497,
        "threshold": 0.5,
        "tn": 17171,
        "tp": 7
      }
    },
    "Cardiomegaly": {
      "auprc_ap": 0.3064335434976733,
      "auroc": 0.849599179756725,
      "brier": 0.06776237760553512,
      "ece_10bin": 0.05428283728839892,
      "model_pathology": "Cardiomegaly",
      "n": 18424,
      "neg": 16987,
      "pos": 1437,
      "prevalence": 0.07799609205384281,
      "thr_0_5": {
        "accuracy": 0.9217325227963525,
        "balanced_accuracy": 0.517689547604847,
        "f1": 0.07207207207207209,
        "fn": 1381,
        "fp": 61,
        "mcc": 0.11943508633373957,
        "precision": 0.47863247863247865,
        "recall_sensitivity": 0.03897007654836465,
        "specificity": 0.9964090186613292,
        "threshold": 0.5,
        "tn": 16926,
        "tp": 56
      }
    },
    "Consolidation": {
      "auprc_ap": 0.1042910814758668,
      "auroc": 0.697288095571682,
      "brier": 0.05397157355130609,
      "ece_10bin": 0.03920388177190284,
      "model_pathology": "Consolidation",
      "n": 18424,
      "neg": 17391,
      "pos": 1033,
      "prevalence": 0.056068171949630916,
      "thr_0_5": {
        "accuracy": 0.9430633955709944,
        "balanced_accuracy": 0.5004505451546274,
        "f1": 0.003798670465337132,
        "fn": 1031,
        "fp": 18,
        "mcc": 0.006295201666722667,
        "precision": 0.1,
        "recall_sensitivity": 0.001936108422071636,
        "specificity": 0.9989649818871831,
        "threshold": 0.5,
        "tn": 17373,
        "tp": 2
      }
    },
    "Edema": {
      "auprc_ap": 0.0008111531194295422,
      "auroc": 0.6267535523576794,
      "brier": 0.0008618152941710935,
      "ece_10bin": 0.004876278899250323,
      "model_pathology": "Edema",
      "n": 18424,
      "neg": 18415,
      "pos": 9,
      "prevalence": 0.0004884932696482848,
      "thr_0_5": {
        "accuracy": 0.9995115067303517,
        "balanced_accuracy": 0.5,
        "f1": 0.0,
        "fn": 9,
        "fp": 0,
        "mcc": null,
        "precision": 0.0,
        "recall_sensitivity": 0.0,
        "specificity": 1.0,
        "threshold": 0.5,
        "tn": 18415,
        "tp": 0
      }
    },
    "Enlarged Cardiomediastinum": {
      "auprc_ap": 0.0013027194268034523,
      "auroc": 0.5,
      "brier": 0.25,
      "ece_10bin": 0.49869728057319657,
      "model_pathology": "Enlarged Cardiomediastinum",
      "n": 18423,
      "neg": 18399,
      "pos": 24,
      "prevalence": 0.0013027194268034523,
      "thr_0_5": {
        "accuracy": 0.0013027194268034523,
        "balanced_accuracy": 0.5,
        "f1": 0.002602049113677021,
        "fn": 0,
        "fp": 18399,
        "mcc": null,
        "precision": 0.0013027194268034523,
        "recall_sensitivity": 1.0,
        "specificity": 0.0,
        "threshold": 0.5,
        "tn": 0,
        "tp": 24
      }
    },
    "Fracture": {
      "auprc_ap": 0.07830682348895356,
      "auroc": 0.6766586558649307,
      "brier": 0.015361368634889593,
      "ece_10bin": 0.014986046644794327,
      "model_pathology": "Fracture",
      "n": 18424,
      "neg": 18185,
      "pos": 239,
      "prevalence": 0.01297221016066001,
      "thr_0_5": {
        "accuracy": 0.9840425531914894,
        "balanced_accuracy": 0.5480370851418993,
        "f1": 0.14035087719298248,
        "fn": 215,
        "fp": 79,
        "mcc": 0.14580386817266722,
        "precision": 0.23300970873786409,
        "recall_sensitivity": 0.100418410041841,
        "specificity": 0.9956557602419577,
        "threshold": 0.5,
        "tn": 18106,
        "tp": 24
      }
    },
    "Lung Lesion": {
      "auprc_ap": 0.02948523023457863,
      "auroc": 0.5,
      "brier": 0.25,
      "ece_10bin": 0.4705147697654214,
      "model_pathology": "Lung Lesion",
      "n": 18416,
      "neg": 17873,
      "pos": 543,
      "prevalence": 0.02948523023457863,
      "thr_0_5": {
        "accuracy": 0.02948523023457863,
        "balanced_accuracy": 0.5,
        "f1": 0.05728150218893401,
        "fn": 0,
        "fp": 17873,
        "mcc": null,
        "precision": 0.02948523023457863,
        "recall_sensitivity": 1.0,
        "specificity": 0.0,
        "threshold": 0.5,
        "tn": 0,
        "tp": 543
      }
    },
    "Lung Opacity": {
      "auprc_ap": 0.11460875601931633,
      "auroc": 0.6334769212641754,
      "brier": 0.09363776225875343,
      "ece_10bin": 0.09107645901653699,
      "model_pathology": "Lung Opacity",
      "n": 18417,
      "neg": 17010,
      "pos": 1407,
      "prevalence": 0.07639680729760548,
      "thr_0_5": {
        "accuracy": 0.8921105500352935,
        "balanced_accuracy": 0.5197859906815131,
        "f1": 0.10212381382738363,
        "fn": 1294,
        "fp": 693,
        "mcc": 0.051383948289378326,
        "precision": 0.1401985111662531,
        "recall_sensitivity": 0.08031272210376687,
        "specificity": 0.9592592592592593,
        "threshold": 0.5,
        "tn": 16317,
        "tp": 113
      }
    },
    "Pleural Effusion": {
      "auprc_ap": 0.18746681454995878,
      "auroc": 0.8229370639962056,
      "brier": 0.027534673353248745,
      "ece_10bin": 0.01990729283252733,
      "model_pathology": "Effusion",
      "n": 18424,
      "neg": 17923,
      "pos": 501,
      "prevalence": 0.02719279201042119,
      "thr_0_5": {
        "accuracy": 0.9684107685627442,
        "balanced_accuracy": 0.5646777081333623,
        "f1": 0.19166666666666665,
        "fn": 432,
        "fp": 150,
        "mcc": 0.19412945447960275,
        "precision": 0.3150684931506849,
        "recall_sensitivity": 0.1377245508982036,
        "specificity": 0.9916308653685209,
        "threshold": 0.5,
        "tn": 17773,
        "tp": 69
      }
    },
    "Pneumonia": {
      "auprc_ap": 0.03542309407690504,
      "auroc": 0.7401334964804223,
      "brier": 0.023604774991490874,
      "ece_10bin": 0.03893708085041166,
      "model_pathology": "Pneumonia",
      "n": 18424,
      "neg": 18184,
      "pos": 240,
      "prevalence": 0.013026487190620929,
      "thr_0_5": {
        "accuracy": 0.9752496743378203,
        "balanced_accuracy": 0.5228424255755976,
        "f1": 0.057851239669421496,
        "fn": 226,
        "fp": 230,
        "mcc": 0.045313821948049726,
        "precision": 0.05737704918032787,
        "recall_sensitivity": 0.058333333333333334,
        "specificity": 0.9873515178178619,
        "threshold": 0.5,
        "tn": 17954,
        "tp": 14
      }
    },
    "Pneumothorax": {
      "auprc_ap": 0.005421990578574595,
      "auroc": 0.6915115947150936,
      "brier": 0.0027874498421265,
      "ece_10bin": 0.01051602465232678,
      "model_pathology": "Pneumothorax",
      "n": 18424,
      "neg": 18392,
      "pos": 32,
      "prevalence": 0.0017368649587494573,
      "thr_0_5": {
        "accuracy": 0.9976660877116804,
        "balanced_accuracy": 0.49970095693779903,
        "f1": 0.0,
        "fn": 32,
        "fp": 11,
        "mcc": -0.001019517244574113,
        "precision": 0.0,
        "recall_sensitivity": 0.0,
        "specificity": 0.9994019138755981,
        "threshold": 0.5,
        "tn": 18381,
        "tp": 0
      }
    }
  },
  "summary": {
    "label_policy": "ignore_uncertain",
    "macro_auprc_ap": 0.08941375326471553,
    "macro_auroc": 0.6765745346274675,