{
  "per_label": {
    "Atelectasis": {
      "auprc_ap": 0.090088423794045,
      "auroc": 0.6227358980759155,
      "brier": 0.2687534039336344,
      "ece_10bin": 0.3908907315662821,
      "model_pathology": "Atelectasis",
      "n": 18424,
      "neg": 17207,
      "pos": 1217,
      "prevalence": 0.06605514546244029,
      "thr_0_5": {
        "accuracy": 0.44566869300911854,
        "balanced_accuracy": 0.590221876126831,
        "f1": 0.15279966818747406,
        "fn": 296,
        "fp": 9917,
        "mcc": 0.09106651677103386,
        "precision": 0.08497877837239343,
        "recall_sensitivity": 0.7567789646672145,
        "specificity": 0.4236647875864474,
        "threshold": 0.5,
        "tn": 7290,
        "tp": 921
      }
    },
    "Cardiomegaly": {
      "auprc_ap": 0.14941554630881299,
      "auroc": 0.7326604580628382,
      "brier": 0.26451274012459813,
      "ece_10bin": 0.39220081998585393,
      "model_pathology": "Cardiomegaly",
      "n": 18424,
      "neg": 16987,
      "pos": 1437,
      "prevalence": 0.07799609205384281,
      "thr_0_5": {
        "accuracy": 0.44072948328267475,
        "balanced_accuracy": 0.659443246112433,
        "f1": 0.20395550061804696,
        "fn": 117,
        "fp": 10187,
        "mcc": 0.17659683115076166,
        "precision": 0.11471278352307292,
        "recall_sensitivity": 0.918580375782881,
        "specificity": 0.40030611644198505,
        "threshold": 0.5,
        "tn": 6800,
        "tp": 1320
      }
    },
    "Consolidation": {
      "auprc_ap": 0.06349965723085496,
      "auroc": 0.5692809752437851,
      "brier": 0.2072369153569642,
      "ece_10bin": 0.3473363000799986,
      "model_pathology": "Consolidation",
      "n": 18424,
      "neg": 17391,
      "pos": 1033,
      "prevalence": 0.056068171949630916,
      "thr_0_5": {
        "accuracy": 0.4489795918367347,
        "balanced_accuracy": 0.5647127624346204,
        "f1": 0.12392129789437348,
        "fn": 315,
        "fp": 9837,
        "mcc": 0.06019265249740724,
        "precision": 0.06802463287541449,
        "recall_sensitivity": 0.6950629235237173,
        "specificity": 0.43436260134552357,
        "threshold": 0.5,
        "tn": 7554,
        "tp": 718
      }
    },
    "Edema": {
      "auprc_ap": 0.0010840553202336439,
      "auroc": 0.6333061815548919,
      "brier": 0.20936183209398623,
      "ece_10bin": 0.3823408433208766,
      "model_pathology": "Edema",
      "n": 18424,
      "neg": 18415,
      "pos": 9,
      "prevalence": 0.0004884932696482848,
      "thr_0_5": {
        "accuracy": 0.39790490664350847,
        "balanced_accuracy": 0.5322201104172323,
        "f1": 0.001080594326879784,
        "fn": 3,
        "fp": 11090,
        "mcc": 0.002909297823250456,
        "precision": 0.0005407354001441961,
        "recall_sensitivity": 0.6666666666666666,
        "specificity": 0.39777355416779797,
        "threshold": 0.5,
        "tn": 7325,
        "tp": 6
      }
    },
    "Enlarged Cardiomediastinum": {
      "auprc_ap": 0.006140749741939202,
      "auroc": 0.6536655071833614,
      "brier": 0.1894890599478333,
      "ece_10bin": 0.3697294988649336,
      "model_pathology": "Enlarged Cardiomediastinum",
      "n": 18423,
      "neg": 18399,
      "pos": 24,
      "prevalence": 0.0013027194268034523,
      "thr_0_5": {
        "accuracy": 0.4322857297942789,
        "balanced_accuracy": 0.6117418066199249,
        "f1": 0.0036200819281699535,
        "fn": 5,
        "fp": 10454,
        "mcc": 0.016275311100313314,
        "precision": 0.0018141888666093765,
        "recall_sensitivity": 0.7916666666666666,
        "specificity": 0.4318169465731833,
        "threshold": 0.5,
        "tn": 7945,
        "tp": 19
      }
    },
    "Fracture": {
      "auprc_ap": 0.018471658322875045,
      "auroc": 0.6015107398046347,
      "brier": 0.14289006385994332,
      "ece_10bin": 0.3067855324062719,
      "model_pathology": "Fracture",
      "n": 18424,
      "neg": 18185,
      "pos": 239,
      "prevalence": 0.01297221016066001,
      "thr_0_5": {
        "accuracy": 0.6610399478940512,
        "balanced_accuracy": 0.5660940611543608,
        "f1": 0.03462668109445046,
        "fn": 127,
        "fp": 6118,
        "mcc": 0.03161774686351191,
        "precision": 0.017977528089887642,
        "recall_sensitivity": 0.4686192468619247,
        "specificity": 0.6635688754467968,
        "threshold": 0.5,
        "tn": 12067,
        "tp": 112
      }
    },
    "Lung Lesion": {
      "auprc_ap": 0.03397692469772237,
      "auroc": 0.5217371099693675,
      "brier": 0.1558315566083868,
      "ece_10bin": 0.28676954433803314,
      "model_pathology": "Lung Lesion",
      "n": 18416,
      "neg": 17873,
      "pos": 543,
      "prevalence": 0.02948523023457863,
      "thr_0_5": {
        "accuracy": 0.5891072980017377,
        "balanced_accuracy": 0.5034975645126207,
        "f1": 0.05589519650655022,
        "fn": 319,
        "fp": 7248,
        "mcc": 0.0024098382762888816,
        "precision": 0.029978586723768737,
        "recall_sensitivity": 0.4125230202578269,
        "specificity": 0.5944721087674145,
        "threshold": 0.5,
        "tn": 10625,
        "tp": 224
      }
    },
    "Lung Opacity": {
      "auprc_ap": 0.11736583204822944,
      "auroc": 0.626921117934306,
      "brier": 0.2546129378056473,
      "ece_10bin": 0.38095323462278163,
      "model_pathology": "Lung Opacity",
      "n": 18417,
      "neg": 17010,
      "pos": 1407,
      "prevalence": 0.07639680729760548,
      "thr_0_5": {
        "accuracy": 0.4890590215561709,
        "balanced_accuracy": 0.5877938350575166,
        "f1": 0.1739817415730337,
        "fn": 416,
        "fp": 8994,
        "mcc": 0.09361682072390023,
        "precision": 0.09924887330996494,
        "recall_sensitivity": 0.7043354655294953,
        "specificity": 0.4712522045855379,
        "threshold": 0.5,
        "tn": 8016,
        "tp": 991
      }
    },
    "Pleural Effusion": {
      "auprc_ap": 0.09109547854825943,
      "auroc": 0.7729307885373036,
      "brier": 0.22191434656176406,
      "ece_10bin": 0.3535904637918226,
      "model_pathology": "Effusion",
      "n": 18424,
      "neg": 17923,
      "pos": 501,
      "prevalence": 0.02719279201042119,
      "thr_0_5": {
        "accuracy": 0.5562310030395137,
        "balanced_accuracy": 0.7040057028163168,
        "f1": 0.09537508298296084,
        "fn": 70,
        "fp": 8106,
        "mcc": 0.13307963809603404,
        "precision": 0.05048611924563664,
        "recall_sensitivity": 0.8602794411177644,
        "specificity": 0.5477319645148692,
        "threshold": 0.5,
        "tn": 9817,
        "tp": 431
      }
    },
    "Pneumonia": {
      "auprc_ap": 0.03046572386565738,
      "auroc": 0.6940489120472211,
      "brier": 0.18376432263175765,
      "ece_10bin": 0.38269493983440483,
      "model_pathology": "Pneumonia",
      "n": 18424,
      "neg": 18184,
      "pos": 240,
      "prevalence": 0.013026487190620929,
      "thr_0_5": {
        "accuracy": 0.517748588797221,
        "balanced_accuracy": 0.6611233318668426,
        "f1": 0.04184190661058988,
        "fn": 46,
        "fp": 8839,
        "mcc": 0.07309149358718532,
        "precision": 0.0214768072622606,
        "recall_sensitivity": 0.8083333333333333,
        "specificity": 0.5139133304003519,
        "threshold": 0.5,
        "tn": 9345,
        "tp": 194
      }
    },
    "Pneumothorax": {
      "auprc_ap": 0.0028964892304132817,
      "auroc": 0.5778293551544149,
      "brier": 0.2561962338543352,
      "ece_10bin": 0.49244015434245897,
      "model_pathology": "Pneumothorax",
      "n": 18424,
      "neg": 18392,
      "pos": 32,
      "prevalence": 0.0017368649587494573,
      "thr_0_5": {
        "accuracy": 0.15490664350846722,
        "balanced_accuracy": 0.5143268812527185,
        "f1": 0.003583770638679125,
        "fn": 4,
        "fp": 15566,
        "mcc": 0.003309018098654659,