{
  "per_label": {
    "Atelectasis": {
      "auprc_ap": 0.12143508558900852,
      "auroc": 0.7116230190279614,
      "brier": 0.10648358030164332,
      "ece_10bin": 0.14688229499806985,
      "model_pathology": "Atelectasis",
      "n": 18424,
      "neg": 17207,
      "pos": 1217,
      "prevalence": 0.06605514546244029,
      "thr_0_5": {
        "accuracy": 0.7895136778115501,
        "balanced_accuracy": 0.6116620765306432,
        "f1": 0.20336894001643385,
        "fn": 722,
        "fp": 3156,
        "mcc": 0.13915323229530027,
        "precision": 0.13557929334428923,
        "recall_sensitivity": 0.4067378800328677,
        "specificity": 0.8165862730284187,
        "threshold": 0.5,
        "tn": 14051,
        "tp": 495
      }
    },
    "Cardiomegaly": {
      "auprc_ap": 0.28212847848531325,
      "auroc": 0.8437198014495427,
      "brier": 0.0884135865706307,
      "ece_10bin": 0.0901772108884253,
      "model_pathology": "Cardiomegaly",
      "n": 18424,
      "neg": 16987,
      "pos": 1437,
      "prevalence": 0.07799609205384281,
      "thr_0_5": {
        "accuracy": 0.8254993486756405,
        "balanced_accuracy": 0.7305052629586692,
        "f1": 0.3558405129232619,
        "fn": 549,
        "fp": 2666,
        "mcc": 0.3133165767765616,
        "precision": 0.24985931344963422,
        "recall_sensitivity": 0.6179540709812108,
        "specificity": 0.8430564549361276,
        "threshold": 0.5,
        "tn": 14321,
        "tp": 888
      }
    },
    "Consolidation": {
      "auprc_ap": 0.07578093605077438,
      "auroc": 0.6289778742473588,
      "brier": 0.10496086454161481,
      "ece_10bin": 0.16547982057854146,
      "model_pathology": "Consolidation",
      "n": 18424,
      "neg": 17391,
      "pos": 1033,
      "prevalence": 0.056068171949630916,
      "thr_0_5": {
        "accuracy": 0.7884824142422927,
        "balanced_accuracy": 0.5433149012827957,
        "f1": 0.12407282535401215,
        "fn": 757,
        "fp": 3140,
        "mcc": 0.051281346667403714,
        "precision": 0.08079625292740047,
        "recall_sensitivity": 0.2671829622458858,
        "specificity": 0.8194468403197056,
        "threshold": 0.5,
        "tn": 14251,
        "tp": 276
      }
    },
    "Edema": {
      "auprc_ap": 0.0011756826471431827,
      "auroc": 0.7140374694542493,
      "brier": 0.030148906868956146,
      "ece_10bin": 0.07439063682275068,
      "model_pathology": "Edema",
      "n": 18424,
      "neg": 18415,
      "pos": 9,
      "prevalence": 0.0004884932696482848,
      "thr_0_5": {
        "accuracy": 0.923469387755102,
        "balanced_accuracy": 0.5174887621805895,
        "f1": 0.00141643059490085,
        "fn": 8,
        "fp": 1402,
        "mcc": 0.002913901135444199,
        "precision": 0.0007127583749109052,
        "recall_sensitivity": 0.1111111111111111,
        "specificity": 0.9238664132500679,
        "threshold": 0.5,
        "tn": 17013,
        "tp": 1
      }
    },
    "Enlarged Cardiomediastinum": {
      "auprc_ap": 0.018327072106711823,
      "auroc": 0.6543432971014493,
      "brier": 0.07353796564493582,
      "ece_10bin": 0.1717254208587929,
      "model_pathology": "Enlarged Cardiomediastinum",
      "n": 18424,
      "neg": 18400,
      "pos": 24,
      "prevalence": 0.0013026487190620929,
      "thr_0_5": {
        "accuracy": 0.8063395570994355,
        "balanced_accuracy": 0.5077264492753623,
        "f1": 0.002794857462269424,
        "fn": 19,
        "fp": 3549,
        "mcc": 0.0014125710124798171,
        "precision": 0.0014068655036578502,
        "recall_sensitivity": 0.20833333333333334,
        "specificity": 0.8071195652173913,
        "threshold": 0.5,
        "tn": 14851,
        "tp": 5
      }
    },
    "Fracture": {
      "auprc_ap": 0.01396309311450982,
      "auroc": 0.5486747664347024,
      "brier": 0.0730709105715278,
      "ece_10bin": 0.18462098788931444,
      "model_pathology": "Fracture",
      "n": 18424,
      "neg": 18185,
      "pos": 239,
      "prevalence": 0.01297221016066001,
      "thr_0_5": {
        "accuracy": 0.8633304385584021,
        "balanced_accuracy": 0.48895234129006504,
        "f1": 0.019470404984423675,
        "fn": 214,
        "fp": 2304,
        "mcc": -0.007523598537961332,
        "precision": 0.010734220695577501,
        "recall_sensitivity": 0.10460251046025104,
        "specificity": 0.873302172119879,
        "threshold": 0.5,
        "tn": 15881,
        "tp": 25
      }
    },
    "Lung Lesion": {
      "auprc_ap": 0.02404534159802303,
      "auroc": 0.4346669093185427,
      "brier": 0.03717536446575715,
      "ece_10bin": 0.03765734988297204,
      "model_pathology": "Lung Lesion",
      "n": 18424,
      "neg": 17881,
      "pos": 543,
      "prevalence": 0.02947242726877985,
      "thr_0_5": {
        "accuracy": 0.9554385584020842,
        "balanced_accuracy": 0.4949049285624019,
        "f1": 0.007255139056831923,
        "fn": 540,
        "fp": 281,
        "mcc": -0.013989373911379744,
        "precision": 0.01056338028169014,
        "recall_sensitivity": 0.0055248618784530384,
        "specificity": 0.9842849952463508,
        "threshold": 0.5,
        "tn": 17600,
        "tp": 3
      }
    },
    "Lung Opacity": {
      "auprc_ap": 0.11149356720964573,
      "auroc": 0.6602418025972523,
      "brier": 0.15198830191675589,
      "ece_10bin": 0.1750640436722218,
      "model_pathology": "Lung Opacity",
      "n": 18424,
      "neg": 17017,
      "pos": 1407,
      "prevalence": 0.07636778115501519,
      "thr_0_5": {
        "accuracy": 0.7444094659140252,
        "balanced_accuracy": 0.5845522636567413,
        "f1": 0.1913103211403057,
        "fn": 850,
        "fp": 3859,
        "mcc": 0.10520616358758367,
        "precision": 0.12613224637681159,
        "recall_sensitivity": 0.39587775408670933,
        "specificity": 0.7732267732267732,
        "threshold": 0.5,
        "tn": 13158,
        "tp": 557
      }
    },
    "Pleural Effusion": {
      "auprc_ap": 0.16303578172646752,
      "auroc": 0.8083179732149827,
      "brier": 0.06442231023693848,
      "ece_10bin": 0.11430524413234831,
      "model_pathology": "Effusion",
      "n": 18424,
      "neg": 17923,
      "pos": 501,
      "prevalence": 0.02719279201042119,
      "thr_0_5": {
        "accuracy": 0.8746743378202345,
        "balanced_accuracy": 0.6891784138023123,
        "f1": 0.17623974313235818,
        "fn": 254,
        "fp": 2055,
        "mcc": 0.1861074131921683,
        "precision": 0.10729800173761946,
        "recall_sensitivity": 0.4930139720558882,
        "specificity": 0.8853428555487363,
        "threshold": 0.5,
        "tn": 15868,
        "tp": 247
      }
    },
    "Pneumonia": {
      "auprc_ap": 0.02224161274459012,
      "auroc": 0.6949674164100308,
      "brier": 0.06017105730787722,
      "ece_10bin": 0.10169859786609979,
      "model_pathology": "Pneumonia",
      "n": 18424,
      "neg": 18184,
      "pos": 240,
      "prevalence": 0.013026487190620929,
      "thr_0_5": {
        "accuracy": 0.8739144594007816,
        "balanced_accuracy": 0.5496278779879749,
        "f1": 0.042851256695508856,
        "fn": 188,
        "fp": 2135,
        "mcc": 0.03479595390456941,
        "precision": 0.02377686328303612,
        "recall_sensitivity": 0.21666666666666667,
        "specificity": 0.8825890893092829,
        "threshold": 0.5,
        "tn": 16049,
        "tp": 52
      }
    },
    "Pneumothorax": {
      "auprc_ap": 0.009536493698873246,
      "auroc": 0.7648187731078729,
      "brier": 0.09239235137596954,
      "ece_10bin": 0.23836270441415408,
      "model_pathology": "Pneumothorax",
      "n": 18424,
      "neg": 18392,
      "pos": 32,
      "prevalence": 0.0017368649587494573,
      "thr_0_5": {
        "accuracy": 0.7717108119843682,
        "balanced_accuracy": 0.667287407568508,
        "f1": 0.008486562942008488,
        "fn": 14,
        "fp": 4192,
        "mcc": 0.0331805447198329,