{
  "per_label": {
    "Atelectasis": {
      "auprc_ap": 0.0934911926338729,
      "auroc": 0.6383258299217909,
      "brier": 0.25252692142969124,
      "ece_10bin": 0.3455122016802671,
      "model_pathology": "Atelectasis",
      "n": 18424,
      "neg": 17207,
      "pos": 1217,
      "prevalence": 0.06605514546244029,
      "thr_0_5": {
        "accuracy": 0.5569366044290056,
        "balanced_accuracy": 0.5997763756213373,
        "f1": 0.16216771015087755,
        "fn": 427,
        "fp": 7736,
        "mcc": 0.09940522195947547,
        "precision": 0.09265775275627493,
        "recall_sensitivity": 0.6491372226787182,
        "specificity": 0.5504155285639565,
        "threshold": 0.5,
        "tn": 9471,
        "tp": 790
      }
    },
    "Cardiomegaly": {
      "auprc_ap": 0.13947912229736983,
      "auroc": 0.7326322527780157,
      "brier": 0.20899207686009028,
      "ece_10bin": 0.28767974941272806,
      "model_pathology": "Cardiomegaly",
      "n": 18424,
      "neg": 16987,
      "pos": 1437,
      "prevalence": 0.07799609205384281,
      "thr_0_5": {
        "accuracy": 0.635963960052106,
        "balanced_accuracy": 0.6984306309147373,
        "f1": 0.24868376834322842,
        "fn": 327,
        "fp": 6380,
        "mcc": 0.21666810887620508,
        "precision": 0.14819759679572764,
        "recall_sensitivity": 0.7724425887265136,
        "specificity": 0.6244186731029611,
        "threshold": 0.5,
        "tn": 10607,
        "tp": 1110
      }
    },
    "Consolidation": {
      "auprc_ap": 0.05539620230814996,
      "auroc": 0.5286032437803867,
      "brier": 0.2031274272350037,
      "ece_10bin": 0.2671624453413375,
      "model_pathology": "Consolidation",
      "n": 18424,
      "neg": 17391,
      "pos": 1033,
      "prevalence": 0.056068171949630916,
      "thr_0_5": {
        "accuracy": 0.6008467216673904,
        "balanced_accuracy": 0.494915391416252,
        "f1": 0.09544895448954488,
        "fn": 645,
        "fp": 6709,
        "mcc": -0.004807342973447054,
        "precision": 0.05467098774129914,
        "recall_sensitivity": 0.37560503388189737,
        "specificity": 0.6142257489506067,
        "threshold": 0.5,
        "tn": 10682,
        "tp": 388
      }
    },
    "Edema": {
      "auprc_ap": 0.002769825019526963,
      "auroc": 0.7270160195492805,
      "brier": 0.23869105931284437,
      "ece_10bin": 0.3938776840155453,
      "model_pathology": "Edema",
      "n": 18424,
      "neg": 18415,
      "pos": 9,
      "prevalence": 0.0004884932696482848,
      "thr_0_5": {
        "accuracy": 0.5683347807207989,
        "balanced_accuracy": 0.6730050985006184,
        "f1": 0.0017572486506840718,
        "fn": 2,
        "fp": 7951,
        "mcc": 0.015434895071981931,
        "precision": 0.0008796179944709727,
        "recall_sensitivity": 0.7777777777777778,
        "specificity": 0.5682324192234591,
        "threshold": 0.5,
        "tn": 10464,
        "tp": 7
      }
    },
    "Enlarged Cardiomediastinum": {
      "auprc_ap": 0.0023896142774013354,
      "auroc": 0.6845561594202898,
      "brier": 0.20169263898054043,
      "ece_10bin": 0.38293105921572773,
      "model_pathology": "Enlarged Cardiomediastinum",
      "n": 18424,
      "neg": 18400,
      "pos": 24,
      "prevalence": 0.0013026487190620929,
      "thr_0_5": {
        "accuracy": 0.535497177594442,
        "balanced_accuracy": 0.6634148550724637,
        "f1": 0.004420660772452303,
        "fn": 5,
        "fp": 8553,
        "mcc": 0.02363375768204096,
        "precision": 0.002216518898740084,
        "recall_sensitivity": 0.7916666666666666,
        "specificity": 0.5351630434782608,
        "threshold": 0.5,
        "tn": 9847,
        "tp": 19
      }
    },
    "Fracture": {
      "auprc_ap": 0.017491218395481477,
      "auroc": 0.5856859359235564,
      "brier": 0.17354212100279046,
      "ece_10bin": 0.33338100378125435,
      "model_pathology": "Fracture",
      "n": 18424,
      "neg": 18185,
      "pos": 239,
      "prevalence": 0.01297221016066001,
      "thr_0_5": {
        "accuracy": 0.5854320451584889,
        "balanced_accuracy": 0.5649552541694325,
        "f1": 0.03291972651304128,
        "fn": 109,
        "fp": 7529,
        "mcc": 0.029826811770066526,
        "precision": 0.0169734952343648,
        "recall_sensitivity": 0.5439330543933054,
        "specificity": 0.5859774539455596,
        "threshold": 0.5,
        "tn": 10656,
        "tp": 130
      }
    },
    "Lung Lesion": {
      "auprc_ap": 0.028057399063022983,
      "auroc": 0.5039864531041777,
      "brier": 0.11709879522590967,
      "ece_10bin": 0.20268616231726713,
      "model_pathology": "Lung Lesion",
      "n": 18424,
      "neg": 17881,
      "pos": 543,
      "prevalence": 0.02947242726877985,
      "thr_0_5": {
        "accuracy": 0.7673143725575337,
        "balanced_accuracy": 0.48191409279044817,
        "f1": 0.043293907609908505,
        "fn": 446,
        "fp": 3841,
        "mcc": -0.014922926984636061,
        "precision": 0.02463179278821737,
        "recall_sensitivity": 0.17863720073664824,
        "specificity": 0.7851909848442481,
        "threshold": 0.5,
        "tn": 14040,
        "tp": 97
      }
    },
    "Lung Opacity": {
      "auprc_ap": 0.10501407640287098,
      "auroc": 0.6250485581979373,
      "brier": 0.2638910308716525,
      "ece_10bin": 0.3485422828212238,
      "model_pathology": "Lung Opacity",
      "n": 18424,
      "neg": 17017,
      "pos": 1407,
      "prevalence": 0.07636778115501519,
      "thr_0_5": {
        "accuracy": 0.5856491532783326,
        "balanced_accuracy": 0.5895582322272401,
        "f1": 0.1796690307328605,
        "fn": 571,
        "fp": 7063,
        "mcc": 0.09612291821811873,
        "precision": 0.10583618179516395,
        "recall_sensitivity": 0.5941719971570718,
        "specificity": 0.5849444672974085,
        "threshold": 0.5,
        "tn": 9954,
        "tp": 836
      }
    },
    "Pleural Effusion": {
      "auprc_ap": 0.07267450269684528,
      "auroc": 0.7616537833221578,
      "brier": 0.21127627551249145,
      "ece_10bin": 0.3178819148146071,
      "model_pathology": "Effusion",
      "n": 18424,
      "neg": 17923,
      "pos": 501,
      "prevalence": 0.02719279201042119,
      "thr_0_5": {
        "accuracy": 0.6597915762049501,
        "balanced_accuracy": 0.6873857039589292,
        "f1": 0.10277698253650158,
        "fn": 142,
        "fp": 6126,
        "mcc": 0.12762968556239174,
        "precision": 0.05535851966075559,
        "recall_sensitivity": 0.716566866267465,
        "specificity": 0.6582045416503933,
        "threshold": 0.5,
        "tn": 11797,
        "tp": 359
      }
    },
    "Pneumonia": {
      "auprc_ap": 0.023638146614923288,
      "auroc": 0.682485518404458,
      "brier": 0.10528361432464985,
      "ece_10bin": 0.21781046844108617,
      "model_pathology": "Pneumonia",
      "n": 18424,
      "neg": 18184,
      "pos": 240,
      "prevalence": 0.013026487190620929,
      "thr_0_5": {
        "accuracy": 0.7622123317412072,
        "balanced_accuracy": 0.6019990101187858,
        "f1": 0.04574166848181224,
        "fn": 135,
        "fp": 4246,
        "mcc": 0.05446134961243569,
        "precision": 0.024132383360147093,
        "recall_sensitivity": 0.4375,
        "specificity": 0.7664980202375715,
        "threshold": 0.5,
        "tn": 13938,
        "tp": 105
      }
    },
    "Pneumothorax": {
      "auprc_ap": 0.0031068195620681705,
      "auroc": 0.666188084493258,
      "brier": 0.05702629340810499,
      "ece_10bin": 0.16310823761520352,
      "model_pathology": "Pneumothorax",
      "n": 18424,
      "neg": 18392,
      "pos": 32,
      "prevalence": 0.0017368649587494573,
      "thr_0_5": {
        "accuracy": 0.867509769865393,
        "balanced_accuracy": 0.5280964549804263,
        "f1": 0.004891969017529555,
        "fn": 26,
        "fp": 2415,
        "mcc": 0.006925847006419496,