{
  "per_label": {
    "Atelectasis": {
      "auprc_ap": 0.11178499234547551,
      "auroc": 0.6869834127145995,
      "brier": 0.12424901185282275,
      "ece_10bin": 0.1674407141755121,
      "model_pathology": "Atelectasis",
      "n": 18424,
      "neg": 17207,
      "pos": 1217,
      "prevalence": 0.06605514546244029,
      "thr_0_5": {
        "accuracy": 0.6982197134172818,
        "balanced_accuracy": 0.6303631660100495,
        "f1": 0.19466975666280417,
        "fn": 545,
        "fp": 5015,
        "mcc": 0.14018694605636975,
        "precision": 0.11816423421839282,
        "recall_sensitivity": 0.5521774856203779,
        "specificity": 0.708548846399721,
        "threshold": 0.5,
        "tn": 12192,
        "tp": 672
      }
    },
    "Cardiomegaly": {
      "auprc_ap": 0.17052817407918128,
      "auroc": 0.7761887913058407,
      "brier": 0.0868651872634138,
      "ece_10bin": 0.08100813289816465,
      "model_pathology": "Cardiomegaly",
      "n": 18424,
      "neg": 16987,
      "pos": 1437,
      "prevalence": 0.07799609205384281,
      "thr_0_5": {
        "accuracy": 0.8468844984802432,
        "balanced_accuracy": 0.5764756904651676,
        "f1": 0.20691594039921282,
        "fn": 1069,
        "fp": 1752,
        "mcc": 0.12853609926055143,
        "precision": 0.17358490566037735,
        "recall_sensitivity": 0.25608907446068196,
        "specificity": 0.8968623064696533,
        "threshold": 0.5,
        "tn": 15235,
        "tp": 368
      }
    },
    "Consolidation": {
      "auprc_ap": 0.063284822270426,
      "auroc": 0.5357888934885984,
      "brier": 0.18100955179125813,
      "ece_10bin": 0.30952632456871976,
      "model_pathology": "Consolidation",
      "n": 18424,
      "neg": 17391,
      "pos": 1033,
      "prevalence": 0.056068171949630916,
      "thr_0_5": {
        "accuracy": 0.47047329570125923,
        "balanced_accuracy": 0.5328466844491172,
        "f1": 0.11325213597527722,
        "fn": 410,
        "fp": 9346,
        "mcc": 0.030328530518913356,
        "precision": 0.06249373056475073,
        "recall_sensitivity": 0.6030977734753146,
        "specificity": 0.4625955954229199,
        "threshold": 0.5,
        "tn": 8045,
        "tp": 623
      }
    },
    "Edema": {
      "auprc_ap": 0.0005311294901161534,
      "auroc": 0.490656771351857,
      "brier": 0.0637987939410437,
      "ece_10bin": 0.14465855496002406,
      "model_pathology": "Edema",
      "n": 18424,
      "neg": 18415,
      "pos": 9,
      "prevalence": 0.0004884932696482848,
      "thr_0_5": {
        "accuracy": 0.7899478940512376,
        "balanced_accuracy": 0.5062237909916433,
        "f1": 0.0010325245224574084,
        "fn": 7,
        "fp": 3863,
        "mcc": 0.000675540808849734,
        "precision": 0.000517464424320828,
        "recall_sensitivity": 0.2222222222222222,
        "specificity": 0.7902253597610643,
        "threshold": 0.5,
        "tn": 14552,
        "tp": 2
      }
    },
    "Pleural Effusion": {
      "auprc_ap": 0.08078276546933538,
      "auroc": 0.7278577365160324,
      "brier": 0.08383520139504133,
      "ece_10bin": 0.14240996045969884,
      "model_pathology": "Effusion",
      "n": 18424,
      "neg": 17923,
      "pos": 501,
      "prevalence": 0.02719279201042119,
      "thr_0_5": {
        "accuracy": 0.8108988276161528,
        "balanced_accuracy": 0.6389373793839537,
        "f1": 0.11618467782851345,
        "fn": 272,
        "fp": 3212,
        "mcc": 0.11596624314562645,
        "precision": 0.06655042138913107,
        "recall_sensitivity": 0.45708582834331335,
        "specificity": 0.8207889304245941,
        "threshold": 0.5,
        "tn": 14711,
        "tp": 229
      }
    },
    "Pneumonia": {
      "auprc_ap": 0.02130735561289533,
      "auroc": 0.6404578429755097,
      "brier": 0.1010664035043213,
      "ece_10bin": 0.21897089646049342,
      "model_pathology": "Pneumonia",
      "n": 18424,
      "neg": 18184,
      "pos": 240,
      "prevalence": 0.013026487190620929,
      "thr_0_5": {
        "accuracy": 0.7082609639600521,
        "balanced_accuracy": 0.6034490027863323,
        "f1": 0.04240156778906111,
        "fn": 121,
        "fp": 5254,
        "mcc": 0.05161504630925851,
        "precision": 0.02214777591662014,
        "recall_sensitivity": 0.49583333333333335,
        "specificity": 0.7110646722393312,
        "threshold": 0.5,
        "tn": 12930,
        "tp": 119
      }
    },
    "Pneumothorax": {
      "auprc_ap": 0.004426605735542472,
      "auroc": 0.7089707821335363,
      "brier": 0.13906237164914234,
      "ece_10bin": 0.3054187423899888,
      "model_pathology": "Pneumothorax",
      "n": 18424,
      "neg": 18392,
      "pos": 32,
      "prevalence": 0.0017368649587494573,
      "thr_0_5": {
        "accuracy": 0.5659465914025185,
        "balanced_accuracy": 0.6734109939103958,
        "f1": 0.006213495712687958,
        "fn": 7,
        "fp": 7990,
        "mcc": 0.02912995567255643,
        "precision": 0.0031191515907673115,
        "recall_sensitivity": 0.78125,
        "specificity": 0.5655719878207917,
        "threshold": 0.5,
        "tn": 10402,
        "tp": 25
      }
    }
  },
  "summary": {
    "label_policy": "ignore_uncertain",
    "macro_auprc_ap": 0.06466369214328174,
    "macro_auroc": 0.6524148900694248,
    "macro_brier": 0.11141236019957763,
    "macro_ece_10bin": 0.1956333322732288,
    "model": "densenet121-res224-nih",
    "n_images": 18424,
    "n_labels_evaluated": 7
  }
}
