{
  "per_label": {
    "Atelectasis": {
      "auprc_ap": 0.21202175439588108,
      "auroc": 0.730009533617367,
      "brier": 0.186237811575046,
      "ece_10bin": 0.2683116642368836,
      "model_pathology": "Atelectasis",
      "n": 112120,
      "neg": 100561,
      "pos": 11559,
      "prevalence": 0.10309489832322512,
      "thr_0_5": {
        "accuracy": 0.5207010346057795,
        "balanced_accuracy": 0.6622461327879311,
        "f1": 0.265569692911126,
        "fn": 1843,
        "fp": 51896,
        "mcc": 0.19832000922087037,
        "precision": 0.15769655261961957,
        "recall_sensitivity": 0.8405571416212475,
        "specificity": 0.48393512395461463,
        "threshold": 0.5,
        "tn": 48665,
        "tp": 9716
      }
    },
    "Cardiomegaly": {
      "auprc_ap": 0.20399842661535414,
      "auroc": 0.8595780332555945,
      "brier": 0.08802208670368515,
      "ece_10bin": 0.1641411083294809,
      "model_pathology": "Cardiomegaly",
      "n": 112120,
      "neg": 109344,
      "pos": 2776,
      "prevalence": 0.024759186585800928,
      "thr_0_5": {
        "accuracy": 0.7716821262932573,
        "balanced_accuracy": 0.7744575272687251,
        "f1": 0.144275447100117,
        "fn": 618,
        "fp": 24981,
        "mcc": 0.1991381701766937,
        "precision": 0.0795165628799882,
        "recall_sensitivity": 0.7773775216138329,
        "specificity": 0.7715375329236172,
        "threshold": 0.5,
        "tn": 84363,
        "tp": 2158
      }
    },
    "Consolidation": {
      "auprc_ap": 0.09966463420363206,
      "auroc": 0.7575778712453691,
      "brier": 0.19385675999700766,
      "ece_10bin": 0.36663168087256937,
      "model_pathology": "Consolidation",
      "n": 112120,
      "neg": 107453,
      "pos": 4667,
      "prevalence": 0.0416250445950767,
      "thr_0_5": {
        "accuracy": 0.4054405993578309,
        "balanced_accuracy": 0.6565019150563645,
        "f1": 0.11525495713110186,
        "fn": 325,
        "fp": 66337,
        "mcc": 0.12951423761327016,
        "precision": 0.06143267448605668,
        "recall_sensitivity": 0.9303621169916435,
        "specificity": 0.3826417131210855,
        "threshold": 0.5,
        "tn": 41116,
        "tp": 4342
      }
    },
    "Edema": {
      "auprc_ap": 0.08113414951976261,
      "auroc": 0.8193066236024578,
      "brier": 0.13247462314822583,
      "ece_10bin": 0.2567206730493707,
      "model_pathology": "Edema",
      "n": 112120,
      "neg": 109817,
      "pos": 2303,
      "prevalence": 0.020540492329646807,
      "thr_0_5": {
        "accuracy": 0.5587673920799143,
        "balanced_accuracy": 0.7343716286603532,
        "f1": 0.07870085852096022,
        "fn": 190,
        "fp": 49281,
        "mcc": 0.1334360700296511,
        "precision": 0.041113748686617116,
        "recall_sensitivity": 0.9174989144594008,
        "specificity": 0.5512443428613056,
        "threshold": 0.5,
        "tn": 60536,
        "tp": 2113
      }
    },
    "Effusion": {
      "auprc_ap": 0.4006810772798024,
      "auroc": 0.8229720595051185,
      "brier": 0.14773048909601155,
      "ece_10bin": 0.18547002844860763,
      "model_pathology": "Effusion",
      "n": 112120,
      "neg": 98803,
      "pos": 13317,
      "prevalence": 0.11877452729218695,
      "thr_0_5": {
        "accuracy": 0.6908758473064573,
        "balanced_accuracy": 0.7474851440390571,
        "f1": 0.38705455831638524,
        "fn": 2374,
        "fp": 32285,
        "mcc": 0.32900343158746115,
        "precision": 0.2531461090034237,
        "recall_sensitivity": 0.8217316212360141,
        "specificity": 0.6732386668421,
        "threshold": 0.5,
        "tn": 66518,
        "tp": 10943
      }
    },
    "Emphysema": {
      "auprc_ap": 0.03853410895510394,
      "auroc": 0.6502099185192143,
      "brier": 0.15070871269549233,
      "ece_10bin": 0.2833893161347838,
      "model_pathology": "Emphysema",
      "n": 112120,
      "neg": 109604,
      "pos": 2516,
      "prevalence": 0.022440242597217268,
      "thr_0_5": {
        "accuracy": 0.5018908312522298,
        "balanced_accuracy": 0.6071760636310664,
        "f1": 0.060715126644017625,
        "fn": 711,
        "fp": 55137,
        "mcc": 0.06350340060111262,
        "precision": 0.03169892170980998,
        "recall_sensitivity": 0.7174085850556439,
        "specificity": 0.49694354220648884,
        "threshold": 0.5,
        "tn": 54467,
        "tp": 1805
      }
    },
    "Fibrosis": {
      "auprc_ap": 0.038430077480137985,
      "auroc": 0.7043191457854486,
      "brier": 0.1472942531887924,
      "ece_10bin": 0.31105346475829954,
      "model_pathology": "Fibrosis",
      "n": 112120,
      "neg": 110434,
      "pos": 1686,
      "prevalence": 0.015037459864430967,
      "thr_0_5": {
        "accuracy": 0.5670620763467713,
        "balanced_accuracy": 0.6458913340315813,
        "f1": 0.048085031278802974,
        "fn": 460,
        "fp": 48081,
        "mcc": 0.07154192472124941,
        "precision": 0.024864623684263898,
        "recall_sensitivity": 0.727164887307236,
        "specificity": 0.5646177807559266,
        "threshold": 0.5,
        "tn": 62353,
        "tp": 1226
      }
    },
    "Hernia": {
      "auprc_ap": 0.026900581920183173,
      "auroc": 0.8042880684744799,
      "brier": 0.12283331210290675,
      "ece_10bin": 0.2703814039444088,
      "model_pathology": "Hernia",
      "n": 112120,
      "neg": 111893,
      "pos": 227,
      "prevalence": 0.0020246164823403494,
      "thr_0_5": {
        "accuracy": 0.5789332857652515,
        "balanced_accuracy": 0.6967161949204855,
        "f1": 0.007776376628835645,
        "fn": 42,
        "fp": 47168,
        "mcc": 0.035804190465939884,
        "precision": 0.003906827444934851,
        "recall_sensitivity": 0.8149779735682819,
        "specificity": 0.5784544162726891,
        "threshold": 0.5,
        "tn": 64725,
        "tp": 185
      }
    },
    "Infiltration": {
      "auprc_ap": 0.2886482174433758,
      "auroc": 0.6555791372826498,
      "brier": 0.24370307451769066,
      "ece_10bin": 0.31063021027558513,
      "model_pathology": "Infiltration",
      "n": 112120,
      "neg": 92226,
      "pos": 19894,
      "prevalence": 0.17743489118801284,
      "thr_0_5": {
        "accuracy": 0.3826168391009633,
        "balanced_accuracy": 0.5742587367679718,
        "f1": 0.3337023168959178,
        "fn": 2560,
        "fp": 66661,
        "mcc": 0.13088573412001706,
        "precision": 0.20636942675159237,
        "recall_sensitivity": 0.8713179853222077,
        "specificity": 0.2771994882137358,
        "threshold": 0.5,
        "tn": 25565,
        "tp": 17334
      }
    },
    "Mass": {
      "auprc_ap": 0.18848437933293227,
      "auroc": 0.7671823075540718,
      "brier": 0.15227009227436344,
      "ece_10bin": 0.27039275960301834,
      "model_pathology": "Mass",
      "n": 112120,
      "neg": 106338,
      "pos": 5782,
      "prevalence": 0.05156974669996432,
      "thr_0_5": {
        "accuracy": 0.6236175526221905,
        "balanced_accuracy": 0.6933082835613835,
        "f1": 0.1744267939588387,
        "fn": 1324,
        "fp": 40876,
        "mcc": 0.17422441348717557,
        "precision": 0.09833678916486523,
        "recall_sensitivity": 0.7710134901418194,
        "specificity": 0.6156030769809475,
        "threshold": 0.5,
        "tn": 65462,
        "tp": 4458
      }
    },
    "Nodule": {
      "auprc_ap": 0.12457559469047018,
      "auroc": 0.6507976849916657,
      "brier": 0.1838550675807874,
      "ece_10bin": 0.3316035539018558,
      "model_pathology": "Nodule",
      "n": 112120,
      "neg": 105789,
      "pos": 6331,
      "prevalence": 0.05646628612201213,
      "thr_0_5": {
        "accuracy": 0.5554495183731716,
        "balanced_accuracy": 0.6038196632962651,
        "f1": 0.14328194021897933,
        "fn": 2163,
        "fp": 47680,
        "mcc": 0.09612629835517719,
        "precision": 0.08038882888443141,