{
  "per_label": {
    "Atelectasis": {
      "auprc_ap": 0.2540250755490612,
      "auroc": 0.7660178505169614,
      "brier": 0.1485646766100791,
      "ece_10bin": 0.21184631032146767,
      "model_pathology": "Atelectasis",
      "n": 112120,
      "neg": 100561,
      "pos": 11559,
      "prevalence": 0.10309489832322512,
      "thr_0_5": {
        "accuracy": 0.6664912593649661,
        "balanced_accuracy": 0.6987659198158389,
        "f1": 0.3137262099216327,
        "fn": 3012,
        "fp": 34381,
        "mcc": 0.24868441691242044,
        "precision": 0.19910081997763698,
        "recall_sensitivity": 0.739423825590449,
        "specificity": 0.6581080140412288,
        "threshold": 0.5,
        "tn": 66180,
        "tp": 8547
      }
    },
    "Cardiomegaly": {
      "auprc_ap": 0.22849206190559748,
      "auroc": 0.8765749264120786,
      "brier": 0.05287629868170965,
      "ece_10bin": 0.10900610504270582,
      "model_pathology": "Cardiomegaly",
      "n": 112120,
      "neg": 109344,
      "pos": 2776,
      "prevalence": 0.024759186585800928,
      "thr_0_5": {
        "accuracy": 0.8957991437745273,
        "balanced_accuracy": 0.7638370646766169,
        "f1": 0.22899755823929255,
        "fn": 1041,
        "fp": 10642,
        "mcc": 0.2616520266636039,
        "precision": 0.14017936495111902,
        "recall_sensitivity": 0.625,
        "specificity": 0.9026741293532339,
        "threshold": 0.5,
        "tn": 98702,
        "tp": 1735
      }
    },
    "Consolidation": {
      "auprc_ap": 0.10747855394621553,
      "auroc": 0.7757762573363107,
      "brier": 0.13524425247430358,
      "ece_10bin": 0.25879757285327093,
      "model_pathology": "Consolidation",
      "n": 112120,
      "neg": 107453,
      "pos": 4667,
      "prevalence": 0.0416250445950767,
      "thr_0_5": {
        "accuracy": 0.6438458794149126,
        "balanced_accuracy": 0.7198026001076954,
        "f1": 0.1579790823211876,
        "fn": 921,
        "fp": 39011,
        "mcc": 0.18076878835923108,
        "precision": 0.08761138527024814,
        "recall_sensitivity": 0.8026569530747804,
        "specificity": 0.6369482471406103,
        "threshold": 0.5,
        "tn": 68442,
        "tp": 3746
      }
    },
    "Edema": {
      "auprc_ap": 0.09900303706143884,
      "auroc": 0.8521256187182062,
      "brier": 0.04993484474237202,
      "ece_10bin": 0.09365708046540397,
      "model_pathology": "Edema",
      "n": 112120,
      "neg": 109817,
      "pos": 2303,
      "prevalence": 0.020540492329646807,
      "thr_0_5": {
        "accuracy": 0.8841419907242241,
        "balanced_accuracy": 0.7104464332643303,
        "f1": 0.1580243712730101,
        "fn": 1084,
        "fp": 11906,
        "mcc": 0.1856936427504243,
        "precision": 0.09287619047619047,
        "recall_sensitivity": 0.5293095961788971,
        "specificity": 0.8915832703497637,
        "threshold": 0.5,
        "tn": 97911,
        "tp": 1219
      }
    },
    "Effusion": {
      "auprc_ap": 0.4448855493339919,
      "auroc": 0.8540311146865467,
      "brier": 0.11644521983059099,
      "ece_10bin": 0.13773617602759572,
      "model_pathology": "Effusion",
      "n": 112120,
      "neg": 98803,
      "pos": 13317,
      "prevalence": 0.11877452729218695,
      "thr_0_5": {
        "accuracy": 0.7764716375312165,
        "balanced_accuracy": 0.7801336279260648,
        "f1": 0.454794639749391,
        "fn": 2864,
        "fp": 22198,
        "mcc": 0.3989664620140724,
        "precision": 0.3201433340479618,
        "recall_sensitivity": 0.7849365472704063,
        "specificity": 0.7753307085817233,
        "threshold": 0.5,
        "tn": 76605,
        "tp": 10453
      }
    },
    "Emphysema": {
      "auprc_ap": 0.04368499425880383,
      "auroc": 0.6918008421878236,
      "brier": 0.14780777439534754,
      "ece_10bin": 0.30694247441369,
      "model_pathology": "Emphysema",
      "n": 112120,
      "neg": 109604,
      "pos": 2516,
      "prevalence": 0.022440242597217268,
      "thr_0_5": {
        "accuracy": 0.5479664645023189,
        "balanced_accuracy": 0.6388977048114649,
        "f1": 0.06793438281594821,
        "fn": 669,
        "fp": 50013,
        "mcc": 0.082520673824519,
        "precision": 0.03561511762437331,
        "recall_sensitivity": 0.7341017488076311,
        "specificity": 0.5436936608152987,
        "threshold": 0.5,
        "tn": 59591,
        "tp": 1847
      }
    },
    "Enlarged Cardiomediastinum": {
      "auprc_ap": null,
      "auroc": null,
      "brier": null,
      "ece_10bin": null,
      "model_pathology": "Enlarged Cardiomediastinum",
      "n": 0,
      "neg": 0,
      "pos": 0,
      "prevalence": 0.0,
      "thr_0_5": {
        "accuracy": 0.0,
        "balanced_accuracy": 0.0,
        "f1": 0.0,
        "fn": 0,
        "fp": 0,
        "mcc": null,
        "precision": 0.0,
        "recall_sensitivity": 0.0,
        "specificity": 0.0,
        "threshold": 0.5,
        "tn": 0,
        "tp": 0
      }
    },
    "Fibrosis": {
      "auprc_ap": 0.0407666521475024,
      "auroc": 0.721717276757156,
      "brier": 0.20782859428759398,
      "ece_10bin": 0.41206388365354446,
      "model_pathology": "Fibrosis",
      "n": 112120,
      "neg": 110434,
      "pos": 1686,
      "prevalence": 0.015037459864430967,
      "thr_0_5": {
        "accuracy": 0.3294684266856939,
        "balanced_accuracy": 0.6198993033653848,
        "f1": 0.03960143076136945,
        "fn": 136,
        "fp": 75044,
        "mcc": 0.06272725907957297,
        "precision": 0.02023657205525237,
        "recall_sensitivity": 0.9193357058125742,
        "specificity": 0.32046290091819546,
        "threshold": 0.5,
        "tn": 35390,
        "tp": 1550
      }
    },
    "Fracture": {
      "auprc_ap": null,
      "auroc": null,
      "brier": null,
      "ece_10bin": null,
      "model_pathology": "Fracture",
      "n": 0,
      "neg": 0,
      "pos": 0,
      "prevalence": 0.0,
      "thr_0_5": {
        "accuracy": 0.0,
        "balanced_accuracy": 0.0,
        "f1": 0.0,
        "fn": 0,
        "fp": 0,
        "mcc": null,
        "precision": 0.0,
        "recall_sensitivity": 0.0,
        "specificity": 0.0,
        "threshold": 0.5,
        "tn": 0,
        "tp": 0
      }
    },
    "Hernia": {
      "auprc_ap": 0.3739060355468866,
      "auroc": 0.9048117909688027,
      "brier": 0.01300696036038769,
      "ece_10bin": 0.04252338061213677,
      "model_pathology": "Hernia",
      "n": 112120,
      "neg": 111893,
      "pos": 227,
      "prevalence": 0.0020246164823403494,
      "thr_0_5": {
        "accuracy": 0.97588298251873,
        "balanced_accuracy": 0.8164594077468047,
        "f1": 0.09926715522984678,
        "fn": 78,
        "fp": 2626,
        "mcc": 0.18311816852426727,
        "precision": 0.05369369369369369,
        "recall_sensitivity": 0.6563876651982379,
        "specificity": 0.9765311502953715,
        "threshold": 0.5,
        "tn": 109267,
        "tp": 149
      }
    },
    "Infiltration": {
      "auprc_ap": 0.31884699276792033,
      "auroc": 0.6795145890115232,
      "brier": 0.24229609719474082,
      "ece_10bin": 0.31830211497509014,
      "model_pathology": "Infiltration",
      "n": 112120,
      "neg": 92226,
      "pos": 19894,
      "prevalence": 0.17743489118801284,
      "thr_0_5": {
        "accuracy": 0.3846682126293257,
        "balanced_accuracy": 0.5825033418121836,
        "f1": 0.33897038392626166,
        "fn": 2205,
        "fp": 66786,
        "mcc": 0.14625707431108556,
        "precision": 0.20939923054158036,
        "recall_sensitivity": 0.8891625615763546,
        "specificity": 0.2758441220480125,
        "threshold": 0.5,
        "tn": 25440,
        "tp": 17689
      }
    },
    "Lung Lesion": {
      "auprc_ap": null,
      "auroc": null,
      "brier": null,
      "ece_10bin": null,
      "model_pathology": "Lung Lesion",
      "n": 0,
      "neg": 0,
      "pos": 0,
      "prevalence": 0.0,