{
  "per_label": {
    "Atelectasis": {
      "auprc_ap": 0.137043843329287,
      "auroc": 0.7072221137954834,
      "brier": 0.17100008057531751,
      "ece_10bin": 0.29940827335946535,
      "model_pathology": "Atelectasis",
      "n": 18424,
      "neg": 17207,
      "pos": 1217,
      "prevalence": 0.06605514546244029,
      "thr_0_5": {
        "accuracy": 0.54716673903604,
        "balanced_accuracy": 0.6563956672579652,
        "f1": 0.18581048111642431,
        "fn": 265,
        "fp": 8078,
        "mcc": 0.1554115988316588,
        "precision": 0.10542635658914729,
        "recall_sensitivity": 0.7822514379622021,
        "specificity": 0.5305398965537281,
        "threshold": 0.5,
        "tn": 9129,
        "tp": 952
      }
    },
    "Cardiomegaly": {
      "auprc_ap": 0.23794077062682714,
      "auroc": 0.8240391491811311,
      "brier": 0.11475469220689011,
      "ece_10bin": 0.1508855953392381,
      "model_pathology": "Cardiomegaly",
      "n": 18424,
      "neg": 16987,
      "pos": 1437,
      "prevalence": 0.07799609205384281,
      "thr_0_5": {
        "accuracy": 0.7440838037342596,
        "balanced_accuracy": 0.7455972410684186,
        "f1": 0.31298266064403324,
        "fn": 363,
        "fp": 4352,
        "mcc": 0.28897618008017073,
        "precision": 0.19793586435680058,
        "recall_sensitivity": 0.7473903966597077,
        "specificity": 0.7438040854771296,
        "threshold": 0.5,
        "tn": 12635,
        "tp": 1074
      }
    },
    "Consolidation": {
      "auprc_ap": 0.1150778562004988,
      "auroc": 0.6668808064257291,
      "brier": 0.13124791445848807,
      "ece_10bin": 0.21387085465093927,
      "model_pathology": "Consolidation",
      "n": 18424,
      "neg": 17391,
      "pos": 1033,
      "prevalence": 0.056068171949630916,
      "thr_0_5": {
        "accuracy": 0.6698328267477204,
        "balanced_accuracy": 0.6252442609904434,
        "f1": 0.16338880484114976,
        "fn": 439,
        "fp": 5644,
        "mcc": 0.12177187589302316,
        "precision": 0.0952228278294325,
        "recall_sensitivity": 0.5750242013552759,
        "specificity": 0.6754643206256109,
        "threshold": 0.5,
        "tn": 11747,
        "tp": 594
      }
    },
    "Edema": {
      "auprc_ap": 0.0016163356492964204,
      "auroc": 0.7328989048782696,
      "brier": 0.04603348261045965,
      "ece_10bin": 0.10421482467394956,
      "model_pathology": "Edema",
      "n": 18424,
      "neg": 18415,
      "pos": 9,
      "prevalence": 0.0004884932696482848,
      "thr_0_5": {
        "accuracy": 0.8617564046895354,
        "balanced_accuracy": 0.5976739976468458,
        "f1": 0.0023501762632197414,
        "fn": 6,
        "fp": 2541,
        "mcc": 0.012512159516462557,
        "precision": 0.0011792452830188679,
        "recall_sensitivity": 0.3333333333333333,
        "specificity": 0.8620146619603584,
        "threshold": 0.5,
        "tn": 15874,
        "tp": 3
      }
    },
    "Fracture": {
      "auprc_ap": 0.01605678717927396,
      "auroc": 0.5590664520738158,
      "brier": 0.13166246584815514,
      "ece_10bin": 0.3030605399592542,
      "model_pathology": "Fracture",
      "n": 18424,
      "neg": 18185,
      "pos": 239,
      "prevalence": 0.01297221016066001,
      "thr_0_5": {
        "accuracy": 0.6939318280503691,
        "balanced_accuracy": 0.5166903846220217,
        "f1": 0.027590963959303327,
        "fn": 159,
        "fp": 5480,
        "mcc": 0.00822861100582784,
        "precision": 0.014388489208633094,
        "recall_sensitivity": 0.33472803347280333,
        "specificity": 0.69865273577124,
        "threshold": 0.5,
        "tn": 12705,
        "tp": 80
      }
    },
    "Pleural Effusion": {
      "auprc_ap": 0.10934318805679061,
      "auroc": 0.7307376543013955,
      "brier": 0.1220033547355082,
      "ece_10bin": 0.2021286124202555,
      "model_pathology": "Effusion",
      "n": 18424,
      "neg": 17923,
      "pos": 501,
      "prevalence": 0.02719279201042119,
      "thr_0_5": {
        "accuracy": 0.721287451150673,
        "balanced_accuracy": 0.6413845856242656,
        "f1": 0.09801510627085895,
        "fn": 222,
        "fp": 4913,
        "mcc": 0.10222948814461565,
        "precision": 0.05373651771956857,
        "recall_sensitivity": 0.5568862275449101,
        "specificity": 0.725882943703621,
        "threshold": 0.5,
        "tn": 13010,
        "tp": 279
      }
    },
    "Pneumonia": {
      "auprc_ap": 0.0949995870767517,
      "auroc": 0.7972292491567678,
      "brier": 0.18065211572648,
      "ece_10bin": 0.3576627657633001,
      "model_pathology": "Pneumonia",
      "n": 18424,
      "neg": 18184,
      "pos": 240,
      "prevalence": 0.013026487190620929,
      "thr_0_5": {
        "accuracy": 0.5680633955709944,
        "balanced_accuracy": 0.6948361196656401,
        "f1": 0.04740244194397893,
        "fn": 42,
        "fp": 7916,
        "mcc": 0.08900265563272994,
        "precision": 0.024402267685481885,
        "recall_sensitivity": 0.825,
        "specificity": 0.5646722393312803,
        "threshold": 0.5,
        "tn": 10268,
        "tp": 198
      }
    },
    "Pneumothorax": {
      "auprc_ap": 0.005304940169176529,
      "auroc": 0.7290669856459331,
      "brier": 0.15935869955040843,
      "ece_10bin": 0.34713626396809044,
      "model_pathology": "Pneumothorax",
      "n": 18424,
      "neg": 18392,
      "pos": 32,
      "prevalence": 0.0017368649587494573,
      "thr_0_5": {
        "accuracy": 0.46450282240555796,
        "balanced_accuracy": 0.6537964876033058,
        "f1": 0.005443548387096775,
        "fn": 5,
        "fp": 9861,
        "mcc": 0.025685288554708297,
        "precision": 0.0027305825242718447,
        "recall_sensitivity": 0.84375,
        "specificity": 0.46384297520661155,
        "threshold": 0.5,
        "tn": 8531,
        "tp": 27
      }
    }
  },
  "summary": {
    "label_policy": "u0",
    "macro_auprc_ap": 0.08967291353598777,
    "macro_auroc": 0.7183926644323156,
    "macro_brier": 0.13208910071396338,
    "macro_ece_10bin": 0.24729596626681155,
    "model": "densenet121-res224-pc",
    "n_images": 18424,
    "n_labels_evaluated": 8
  }
}
