label,model_pathology,n,pos,neg,prevalence,auroc,auprc_ap,brier,ece_10bin
Cardiomegaly,Cardiomegaly,18424,1437,16987,0.07799609205384281,0.8240391491811311,0.23794077062682714,0.11475469220689011,0.1508855953392381
Edema,Edema,18424,9,18415,0.0004884932696482848,0.7328989048782696,0.0016163356492964204,0.04603348261045965,0.10421482467394956
Consolidation,Consolidation,18424,1033,17391,0.056068171949630916,0.6668808064257291,0.1150778562004988,0.13124791445848807,0.21387085465093927
Pneumonia,Pneumonia,18424,240,18184,0.013026487190620929,0.7972292491567678,0.0949995870767517,0.18065211572648,0.3576627657633001
Atelectasis,Atelectasis,18424,1217,17207,0.06605514546244029,0.7072221137954834,0.137043843329287,0.17100008057531751,0.29940827335946535
Pneumothorax,Pneumothorax,18424,32,18392,0.0017368649587494573,0.7290669856459331,0.005304940169176529,0.15935869955040843,0.34713626396809044
Pleural Effusion,Effusion,18424,501,17923,0.02719279201042119,0.7307376543013955,0.10934318805679061,0.1220033547355082,0.2021286124202555
Fracture,Fracture,18424,239,18185,0.01297221016066001,0.5590664520738158,0.01605678717927396,0.13166246584815514,0.3030605399592542
