{
  "per_label": {
    "Atelectasis": {
      "auprc_ap": 0.08506031903195516,
      "auroc": 0.6057966940228363,
      "brier": 0.29574030566878,
      "ece_10bin": 0.39913031410597827,
      "model_pathology": "Atelectasis",
      "n": 18424,
      "neg": 17207,
      "pos": 1217,
      "prevalence": 0.06605514546244029,
      "thr_0_5": {
        "accuracy": 0.43291359096830223,
        "balanced_accuracy": 0.5841568366698711,
        "f1": 0.15015454693346347,
        "fn": 294,
        "fp": 10154,
        "mcc": 0.08537902067288088,
        "precision": 0.08332581023742891,
        "recall_sensitivity": 0.7584223500410846,
        "specificity": 0.4098913232986575,
        "threshold": 0.5,
        "tn": 7053,
        "tp": 923
      }
    },
    "Cardiomegaly": {
      "auprc_ap": 0.13407080170921576,
      "auroc": 0.7202445203604264,
      "brier": 0.2259443753444584,
      "ece_10bin": 0.3205956175772089,
      "model_pathology": "Cardiomegaly",
      "n": 18424,
      "neg": 16987,
      "pos": 1437,
      "prevalence": 0.07799609205384281,
      "thr_0_5": {
        "accuracy": 0.5390251845419018,
        "balanced_accuracy": 0.6716605587989244,
        "f1": 0.21903448275862072,
        "fn": 246,
        "fp": 8247,
        "mcc": 0.18418915327507182,
        "precision": 0.12619198982835347,
        "recall_sensitivity": 0.8288100208768268,
        "specificity": 0.5145110967210219,
        "threshold": 0.5,
        "tn": 8740,
        "tp": 1191
      }
    },
    "Consolidation": {
      "auprc_ap": 0.06748340831221127,
      "auroc": 0.5868491747492319,
      "brier": 0.18174949664982853,
      "ece_10bin": 0.28464252525946493,
      "model_pathology": "Consolidation",
      "n": 18424,
      "neg": 17391,
      "pos": 1033,
      "prevalence": 0.056068171949630916,
      "thr_0_5": {
        "accuracy": 0.5410877116804168,
        "balanced_accuracy": 0.5829988338929523,
        "f1": 0.13344265655426873,
        "fn": 382,
        "fp": 8073,
        "mcc": 0.07648402400082648,
        "precision": 0.07462173314993123,
        "recall_sensitivity": 0.6302032913843175,
        "specificity": 0.535794376401587,
        "threshold": 0.5,
        "tn": 9318,
        "tp": 651
      }
    },
    "Edema": {
      "auprc_ap": 0.001529981122687826,
      "auroc": 0.6481310525839442,
      "brier": 0.25286915627089857,
      "ece_10bin": 0.430744551411417,
      "model_pathology": "Edema",
      "n": 18424,
      "neg": 18415,
      "pos": 9,
      "prevalence": 0.0004884932696482848,
      "thr_0_5": {
        "accuracy": 0.3768996960486322,
        "balanced_accuracy": 0.5772407759374906,
        "f1": 0.001218026796589525,
        "fn": 2,
        "fp": 11478,
        "mcc": 0.007044818302029905,
        "precision": 0.000609490639965172,
        "recall_sensitivity": 0.7777777777777778,
        "specificity": 0.37670377409720335,
        "threshold": 0.5,
        "tn": 6937,
        "tp": 7
      }
    },
    "Enlarged Cardiomediastinum": {
      "auprc_ap": 0.003482252210013005,
      "auroc": 0.6281951992753624,
      "brier": 0.1722998964410642,
      "ece_10bin": 0.3325565408052175,
      "model_pathology": "Enlarged Cardiomediastinum",
      "n": 18424,
      "neg": 18400,
      "pos": 24,
      "prevalence": 0.0013026487190620929,
      "thr_0_5": {
        "accuracy": 0.5216022579244464,
        "balanced_accuracy": 0.5940398550724637,
        "f1": 0.0036174542165950717,
        "fn": 8,
        "fp": 8806,
        "mcc": 0.013579760220983051,
        "precision": 0.001813647698934482,
        "recall_sensitivity": 0.6666666666666666,
        "specificity": 0.5214130434782609,
        "threshold": 0.5,
        "tn": 9594,
        "tp": 16
      }
    },
    "Fracture": {
      "auprc_ap": 0.017511367002604326,
      "auroc": 0.5903224990020052,
      "brier": 0.13067097324004795,
      "ece_10bin": 0.2696675612470342,
      "model_pathology": "Fracture",
      "n": 18424,
      "neg": 18185,
      "pos": 239,
      "prevalence": 0.01297221016066001,
      "thr_0_5": {
        "accuracy": 0.6649478940512376,
        "balanced_accuracy": 0.5515572745480838,
        "f1": 0.03259677166588308,
        "fn": 135,
        "fp": 6038,
        "mcc": 0.024750620864956753,
        "precision": 0.016932595245848257,
        "recall_sensitivity": 0.4351464435146444,
        "specificity": 0.6679681055815232,
        "threshold": 0.5,
        "tn": 12147,
        "tp": 104
      }
    },
    "Lung Lesion": {
      "auprc_ap": 0.03277576908442291,
      "auroc": 0.5511466073590876,
      "brier": 0.20989344819192382,
      "ece_10bin": 0.3747618985022564,
      "model_pathology": "Lung Lesion",
      "n": 18424,
      "neg": 17881,
      "pos": 543,
      "prevalence": 0.02947242726877985,
      "thr_0_5": {
        "accuracy": 0.4513677811550152,
        "balanced_accuracy": 0.5414626243500746,
        "f1": 0.06407407407407407,
        "fn": 197,
        "fp": 9911,
        "mcc": 0.028231967377229772,
        "precision": 0.03373306034902993,
        "recall_sensitivity": 0.6372007366482505,
        "specificity": 0.44572451205189867,
        "threshold": 0.5,
        "tn": 7970,
        "tp": 346
      }
    },
    "Lung Opacity": {
      "auprc_ap": 0.1235894946643255,
      "auroc": 0.6522292874983204,
      "brier": 0.2653782189224274,
      "ece_10bin": 0.40575060419626274,
      "model_pathology": "Lung Opacity",
      "n": 18424,
      "neg": 17017,
      "pos": 1407,
      "prevalence": 0.07636778115501519,
      "thr_0_5": {
        "accuracy": 0.48762483716891014,
        "balanced_accuracy": 0.6078840679367457,
        "f1": 0.1826839826839827,
        "fn": 352,
        "fp": 9088,
        "mcc": 0.11519967466132318,
        "precision": 0.10401261954056985,
        "recall_sensitivity": 0.749822316986496,
        "specificity": 0.4659458188869954,
        "threshold": 0.5,
        "tn": 7929,
        "tp": 1055
      }
    },
    "Pleural Effusion": {
      "auprc_ap": 0.06894626749301706,
      "auroc": 0.7484708649987868,
      "brier": 0.26056482481747384,
      "ece_10bin": 0.36808749328675694,
      "model_pathology": "Effusion",
      "n": 18424,
      "neg": 17923,
      "pos": 501,
      "prevalence": 0.02719279201042119,
      "thr_0_5": {
        "accuracy": 0.5515631784628745,
        "balanced_accuracy": 0.672503344591295,
        "f1": 0.0884819064430715,
        "fn": 100,
        "fp": 8162,
        "mcc": 0.11250667230431256,
        "precision": 0.04682938222585543,
        "recall_sensitivity": 0.8003992015968064,
        "specificity": 0.5446074875857836,
        "threshold": 0.5,
        "tn": 9761,
        "tp": 401
      }
    },
    "Pneumonia": {
      "auprc_ap": 0.023420560190362805,
      "auroc": 0.6747269806789853,
      "brier": 0.2272990422067822,
      "ece_10bin": 0.44513756901709606,
      "model_pathology": "Pneumonia",
      "n": 18424,
      "neg": 18184,
      "pos": 240,
      "prevalence": 0.013026487190620929,
      "thr_0_5": {
        "accuracy": 0.33608336951802,
        "balanced_accuracy": 0.5999294251356504,
        "f1": 0.03304347826086956,
        "fn": 31,
        "fp": 12201,
        "mcc": 0.04832881140850679,
        "precision": 0.01684125705076551,
        "recall_sensitivity": 0.8708333333333333,
        "specificity": 0.32902551693796744,
        "threshold": 0.5,
        "tn": 5983,
        "tp": 209
      }
    },
    "Pneumothorax": {
      "auprc_ap": 0.006471304921710186,
      "auroc": 0.5775693915832971,
      "brier": 0.18038242859975567,
      "ece_10bin": 0.36214317259296125,
      "model_pathology": "Pneumothorax",
      "n": 18424,
      "neg": 18392,
      "pos": 32,
      "prevalence": 0.0017368649587494573,
      "thr_0_5": {
        "accuracy": 0.435084672166739,
        "balanced_accuracy": 0.5610727490213137,
        "f1": 0.004209720627631075,
        "fn": 10,
        "fp": 10398,
        "mcc": 0.01026076009328946,